{
  "train_loss": [
    0.595368497186237,
    0.4641073664824168,
    0.40276105163693426,
    0.33822628382576836,
    0.2802115667985545,
    0.23132858015431298,
    0.19006590791278416,
    0.1565700032128228,
    0.13016899150212605,
    0.11376856743693352
  ],
  "train_accuracy": [
    0.6663111111111111,
    0.7776888888888889,
    0.8141777777777778,
    0.8500888888888889,
    0.8803555555555556,
    0.9039555555555555,
    0.9223111111111111,
    0.9376888888888889,
    0.9497333333333333,
    0.9562666666666667
  ],
  "train_f1": [
    0.6656559513169416,
    0.77768235264027,
    0.814174324081413,
    0.8500887322408679,
    0.8803548663995859,
    0.9039546523024189,
    0.9223109337114852,
    0.9376885811781787,
    0.9497333213189766,
    0.9562665889183803
  ],
  "val_loss": [
    0.5098819669723511,
    0.5152759308815003,
    0.535524500465393,
    0.5931684950828552,
    0.6917456065177917,
    0.793089806842804,
    0.8532893228530883,
    1.101322103881836,
    1.2213382354736328,
    1.0774237899780272
  ],
  "val_accuracy": [
    0.7508,
    0.7488,
    0.7444,
    0.7336,
    0.7316,
    0.7236,
    0.7228,
    0.7156,
    0.7068,
    0.7112
  ],
  "val_f1": [
    0.750782415207217,
    0.7488,
    0.7443243609189343,
    0.733456535645746,
    0.7309055641350294,
    0.7235840342138162,
    0.722588679152231,
    0.7153299506043413,
    0.7067489039290206,
    0.7111909429479708
  ],
  "epoch_time": [
    8.317527124992921,
    8.145970208002836,
    8.136033542003133,
    8.155807417002507,
    8.295678291004151,
    8.131221042000107,
    8.118320417008363,
    8.068288457987364,
    8.05007124999247,
    8.123058416997083
  ]
}