{
  "train_loss": [
    0.7091338859558105,
    0.698052284918891,
    0.6118568391588,
    0.49226976667775046,
    0.42292695077260334,
    0.3850088350613912,
    0.33970832283761765,
    0.3137817468749152,
    0.28574880907800465,
    0.2668928559117847
  ],
  "train_accuracy": [
    0.49546666666666667,
    0.5094666666666666,
    0.6756888888888889,
    0.7868444444444445,
    0.8309333333333333,
    0.8519555555555556,
    0.8727111111111111,
    0.8870666666666667,
    0.9016,
    0.9121777777777778
  ],
  "train_f1": [
    0.4954665231549221,
    0.5094409211572034,
    0.6755858447000762,
    0.7867934416453473,
    0.8309273365555658,
    0.8519505369346456,
    0.8726770516879956,
    0.8870482889491604,
    0.9015905915745821,
    0.912177233753689
  ],
  "val_loss": [
    0.6934433233261108,
    0.6567394278526306,
    0.5267292987346649,
    0.47177408771514895,
    0.4257939269065857,
    0.4334044098854065,
    0.4176248906135559,
    0.41605276536941527,
    0.4300378098487854,
    0.4708527227401733
  ],
  "val_accuracy": [
    0.5056,
    0.6284,
    0.7572,
    0.7932,
    0.8132,
    0.8152,
    0.8248,
    0.8208,
    0.8176,
    0.818
  ],
  "val_f1": [
    0.33581296493092455,
    0.5962958295490594,
    0.7544828519013058,
    0.7926817042606515,
    0.8131339540647247,
    0.8138359086838537,
    0.8234074903607906,
    0.8201867360745865,
    0.817472785832814,
    0.8174025704260227
  ],
  "epoch_time": [
    15.280447500001173,
    15.375352625007508,
    15.664624333003303,
    16.623841167005594,
    16.36391662499227,
    15.03462100001343,
    15.08189579199825,
    15.049627790998784,
    15.721091749990592,
    15.921518000002834
  ]
}