{
  "train_loss": [
    0.7067305233425564,
    0.6941191240098741,
    0.6939925330162048,
    0.6950313324292501,
    0.6967852785958184,
    0.6937119813813104,
    0.6933207748307122,
    0.6935115176200867,
    0.6936661202536689,
    0.6933629661771986
  ],
  "train_accuracy": [
    0.4981333333333333,
    0.5016444444444444,
    0.5024,
    0.5080888888888889,
    0.5003555555555556,
    0.5007111111111111,
    0.5092444444444445,
    0.5071555555555556,
    0.4950222222222222,
    0.5069777777777777
  ],
  "train_f1": [
    0.4981273019387753,
    0.5015175409030896,
    0.5023772897282013,
    0.5078320418649531,
    0.5000760682056846,
    0.5006784404398245,
    0.5073479740233964,
    0.5071333573287515,
    0.49483599856473315,
    0.5057465335706378
  ],
  "val_loss": [
    0.693086573791504,
    0.6930923022270202,
    0.6981686832427979,
    0.6952012372016907,
    0.6980810255050659,
    0.6932586677551269,
    0.6941834911346435,
    0.6944526765823364,
    0.6931938340187073,
    0.6937813768386841
  ],
  "val_accuracy": [
    0.5056,
    0.5132,
    0.4956,
    0.4944,
    0.4928,
    0.4988,
    0.5024,
    0.4944,
    0.5012,
    0.5036
  ],
  "val_f1": [
    0.33581296493092455,
    0.43403509261455325,
    0.3341625412201437,
    0.4268962660478114,
    0.33493843250233507,
    0.49292925663024334,
    0.4286864785704156,
    0.33083511777301927,
    0.47927375935616023,
    0.43025211596375723
  ],
  "epoch_time": [
    6.612499167007627,
    6.706112458006828,
    6.485682250000536,
    6.662315042005503,
    6.7402801669959445,
    8.78199891600525,
    6.843755333000445,
    7.212014582997654,
    7.3511586250097025,
    6.392700540993246
  ]
}