{
  "train_loss": [
    0.5744189216719733,
    0.4154684486918979,
    0.3454127055697971,
    0.29206167131000094,
    0.25269869445959725,
    0.21443905347188313,
    0.17997743945808875,
    0.16054119070635903,
    0.13994913185305066,
    0.1204746607542038
  ],
  "train_accuracy": [
    0.6849333333333333,
    0.8173333333333334,
    0.8537777777777777,
    0.8781333333333333,
    0.8996444444444445,
    0.9155111111111112,
    0.9301777777777778,
    0.9408,
    0.9504,
    0.9574666666666667
  ],
  "train_f1": [
    0.6846611789569799,
    0.8173004188985782,
    0.8537740239945004,
    0.8781327315196619,
    0.8996443936967206,
    0.9155111096090864,
    0.9301771586474374,
    0.940799812898174,
    0.950399998432395,
    0.9574666222219124
  ],
  "val_loss": [
    0.4966508926391602,
    0.4495829277992249,
    0.4776550539970398,
    0.5472285388946533,
    0.6163014528274536,
    0.6876792371749878,
    0.784562223815918,
    0.6739841859817505,
    0.7513481800079346,
    0.8379399244308472
  ],
  "val_accuracy": [
    0.754,
    0.7916,
    0.7696,
    0.7744,
    0.772,
    0.7676,
    0.7632,
    0.762,
    0.7532,
    0.7552
  ],
  "val_f1": [
    0.7466790237874574,
    0.7914990855574098,
    0.7681159420289855,
    0.7738436191180094,
    0.7718596845804043,
    0.7673793267245039,
    0.7629449667129885,
    0.7619996572795065,
    0.7528868186384696,
    0.755194359678047
  ],
  "epoch_time": [
    8.396051125004306,
    8.423579041002085,
    8.083089499996277,
    7.900466540988418,
    7.740925042002345,
    7.985509500009357,
    7.724288708996028,
    7.808223416999681,
    7.745672374992864,
    7.813240375005989
  ]
}