{
  "train_loss": [
    0.6931709614223904,
    0.6931973106384277,
    0.6931458691173129,
    0.693199164697859,
    0.6931897227075365,
    0.6931723427666558,
    0.693185153611501,
    0.6931497738732232,
    0.6931276595963373,
    0.6931959988488091
  ],
  "train_accuracy": [
    0.4999111111111111,
    0.49591111111111114,
    0.5014666666666666,
    0.4997333333333333,
    0.5022666666666666,
    0.5016888888888889,
    0.49844444444444447,
    0.5012444444444445,
    0.5036,
    0.49791111111111114
  ],
  "train_f1": [
    0.48506847041518325,
    0.48202492213659065,
    0.4719099721674538,
    0.44308476732738633,
    0.5011405884840229,
    0.46526865774246895,
    0.49078782353894745,
    0.49629655932816397,
    0.49382328651606533,
    0.4510950294876309
  ],
  "val_loss": [
    0.6930915410041809,
    0.6931013079643249,
    0.6932752892494202,
    0.693096275806427,
    0.6931611490249634,
    0.6930867212295532,
    0.6930910875320434,
    0.6931202770233155,
    0.6930818964004517,
    0.6931718536376953
  ],
  "val_accuracy": [
    0.5056,
    0.5056,
    0.4944,
    0.5056,
    0.4944,
    0.5056,
    0.5056,
    0.5288,
    0.5056,
    0.4944
  ],
  "val_f1": [
    0.33581296493092455,
    0.33581296493092455,
    0.33083511777301927,
    0.33581296493092455,
    0.33083511777301927,
    0.33581296493092455,
    0.33581296493092455,
    0.5281885323379099,
    0.33581296493092455,
    0.33083511777301927
  ],
  "epoch_time": [
    7.833904790997622,
    7.861815249998472,
    7.800494416995207,
    7.858117709009093,
    7.811517583002569,
    7.6210197920008795,
    7.811925290996442,
    7.8835424999997485,
    7.753170666997903,
    7.7951000000030035
  ]
}