{
  "train_loss": [
    0.6976090043809678,
    0.6209061635335287,
    0.5177662323421902,
    0.4295666035970052,
    0.3341346684296926,
    0.24769415574073791,
    0.19262632983260686,
    0.15283656232886844,
    0.13846478886107605,
    0.10936383526590135
  ],
  "train_accuracy": [
    0.5090222222222223,
    0.6604,
    0.7572,
    0.8117333333333333,
    0.864,
    0.9041333333333333,
    0.9278666666666666,
    0.9460888888888889,
    0.9495555555555556,
    0.9610222222222222
  ],
  "train_f1": [
    0.5090221436657651,
    0.6602219898810197,
    0.7570357561711717,
    0.8117143370300803,
    0.863997524150484,
    0.9041332649720666,
    0.9278666425865928,
    0.9460885667514358,
    0.9495554932783867,
    0.9610222221452291
  ],
  "val_loss": [
    0.6867823701858521,
    0.5525094345092774,
    0.5517682823181153,
    0.5827553676605225,
    0.714578275680542,
    0.7803788576126098,
    0.9039889080047607,
    1.0049095092773437,
    1.0650842609405518,
    1.0857330299377441
  ],
  "val_accuracy": [
    0.52,
    0.7288,
    0.73,
    0.7092,
    0.7036,
    0.6844,
    0.702,
    0.654,
    0.7056,
    0.6936
  ],
  "val_f1": [
    0.3737914174356508,
    0.7281093542573103,
    0.7298495369981264,
    0.7088141904497784,
    0.703318556115073,
    0.6828814333469827,
    0.7001380250583181,
    0.6537362301106491,
    0.7052007710922439,
    0.6935968624318714
  ],
  "epoch_time": [
    2.2876105420000385,
    2.2856083329970716,
    2.3036858330015093,
    2.3205072499986272,
    2.3430267500079935,
    2.3716347090085037,
    2.3552439589984715,
    2.3260387080081273,
    2.3561179589887615,
    2.3411469999991823
  ]
}