{
  "train_loss": [
    0.6765998064147102,
    0.6156412803914811,
    0.40198201044400533,
    0.3109777937438753,
    0.25158553160561453,
    0.2118453226970302,
    0.1769560641128156,
    0.21411241994036567,
    0.1569447130759557,
    0.12127581732322773
  ],
  "train_accuracy": [
    0.5701333333333334,
    0.6551555555555556,
    0.8329333333333333,
    0.8799555555555556,
    0.9083111111111111,
    0.9272444444444444,
    0.9409777777777778,
    0.9241777777777778,
    0.9474222222222223,
    0.9627555555555556
  ],
  "train_f1": [
    0.5695699729101638,
    0.6550415703880219,
    0.8329332142002772,
    0.8799482931683522,
    0.9083065321430897,
    0.927241902186682,
    0.9409769938356672,
    0.9241777292515245,
    0.947422109121337,
    0.9627553716314649
  ],
  "val_loss": [
    0.737132621383667,
    0.4530717212677002,
    0.4068016674041748,
    0.37046262884140013,
    0.4556054621696472,
    0.45571966111660006,
    0.46208405282497406,
    0.4857095585823059,
    0.5337395509243011,
    0.5673925364494323
  ],
  "val_accuracy": [
    0.5456,
    0.8004,
    0.8272,
    0.842,
    0.8248,
    0.8272,
    0.8244,
    0.8052,
    0.8148,
    0.8112
  ],
  "val_f1": [
    0.4379758899572624,
    0.8002565362545995,
    0.8265588505091461,
    0.8419979522934617,
    0.8243817757360088,
    0.8270794813152975,
    0.8243992975971903,
    0.8051573216597363,
    0.8145207721512273,
    0.8111763139568228
  ],
  "epoch_time": [
    15.19894254099927,
    15.967203457999858,
    16.435364083008608,
    16.069967624993296,
    16.461961958004395,
    16.70284625000204,
    15.542007041993202,
    14.939756083011162,
    15.442028542005573,
    15.497025582997594
  ]
}