{
  "train_loss": [
    0.6097923924128215,
    0.48009936921861435,
    0.4104439696417915,
    0.35027760411368475,
    0.2958810397942861,
    0.25297819186846415,
    0.22208323528501722,
    0.19416752957552671,
    0.16469899975177316,
    0.14019427111678653
  ],
  "train_accuracy": [
    0.652,
    0.7723111111111111,
    0.8128444444444445,
    0.8429333333333333,
    0.8716444444444444,
    0.8929777777777778,
    0.9099111111111111,
    0.9187111111111111,
    0.9337333333333333,
    0.944
  ],
  "train_f1": [
    0.6519964364435091,
    0.7722703554893386,
    0.8128300960458221,
    0.8429304739698729,
    0.8716441848170771,
    0.8929774048634906,
    0.9099110966968866,
    0.9187103903030954,
    0.9337332075409628,
    0.9439999557530514
  ],
  "val_loss": [
    0.5350391672134399,
    0.5095203453063964,
    0.5434680397033691,
    0.5945977636337281,
    0.6628979494094849,
    0.7851926345825195,
    0.8203244550704956,
    0.9297005403518677,
    1.0320379806518554,
    1.048800039100647
  ],
  "val_accuracy": [
    0.7296,
    0.746,
    0.7448,
    0.7372,
    0.7292,
    0.7152,
    0.7232,
    0.7184,
    0.7136,
    0.7236
  ],
  "val_f1": [
    0.7252096861471862,
    0.745321904289485,
    0.7445997662167139,
    0.7371979396318467,
    0.7290591541106729,
    0.7151117530166144,
    0.7226027748701844,
    0.7181530569824057,
    0.7118287380481372,
    0.7235900492417727
  ],
  "epoch_time": [
    4.444064208000782,
    4.3649540829937905,
    4.44246233299782,
    4.416759416999412,
    4.4212274580058875,
    4.358829792006873,
    4.419560334004927,
    4.444373374994029,
    4.350308125009178,
    4.424724625001545
  ]
}