{
  "train_loss": [
    0.6733236981074016,
    0.573020465543535,
    0.441899062622918,
    0.3708489196737607,
    0.32845853588316176,
    0.3069406236873733,
    0.26325613123046027,
    0.24528013307253518,
    0.21440169373088414,
    0.18536638603210448
  ],
  "train_accuracy": [
    0.5872888888888889,
    0.7065777777777777,
    0.8121333333333334,
    0.8527555555555556,
    0.8691111111111111,
    0.8838222222222222,
    0.9007555555555555,
    0.9073333333333333,
    0.9222222222222223,
    0.9331555555555555
  ],
  "train_f1": [
    0.5872442452264526,
    0.7049010819765227,
    0.8121197944537708,
    0.8527305818621675,
    0.8691048992497866,
    0.8838208966903689,
    0.900755550654595,
    0.9073324105929517,
    0.9222211381577301,
    0.9331541273976137
  ],
  "val_loss": [
    0.6355585301399231,
    0.6488803586006164,
    0.47499072074890136,
    0.39485793209075926,
    0.45089041833877563,
    0.40614470572471617,
    0.4112560939311981,
    0.6327456512451172,
    0.4571077833175659,
    0.4521439513206482
  ],
  "val_accuracy": [
    0.6492,
    0.602,
    0.826,
    0.834,
    0.7968,
    0.8368,
    0.8284,
    0.7936,
    0.8164,
    0.8396
  ],
  "val_f1": [
    0.6296061661915321,
    0.5398153600475373,
    0.8259977449307743,
    0.8333086710499658,
    0.7939895560815581,
    0.8367995822069305,
    0.8280103126459808,
    0.7892789026037287,
    0.8140845043039235,
    0.839575333103218
  ],
  "epoch_time": [
    15.35864683300315,
    15.886193291997188,
    15.486701499990886,
    15.49180004200025,
    15.568732166997506,
    15.738743541995063,
    15.408792458008975,
    15.552366250005434,
    15.472684750013286,
    15.831146709009772
  ]
}