{
  "train_loss": [
    0.5272820364846124,
    0.3629583575275209,
    0.29789500743018255,
    0.2478219750881195,
    0.20733782416499325,
    0.17604921177758112,
    0.141977929919627,
    0.12073454949450162,
    0.09958526826302211,
    0.09094031668578585
  ],
  "train_accuracy": [
    0.7312,
    0.8515111111111111,
    0.8857777777777778,
    0.9077333333333333,
    0.9252888888888889,
    0.9367111111111112,
    0.9503111111111111,
    0.9573777777777778,
    0.9678666666666667,
    0.9700444444444445
  ],
  "train_f1": [
    0.7306442711128276,
    0.8515038809267377,
    0.8857777633378308,
    0.90773263273924,
    0.9252883751680672,
    0.9367106305494595,
    0.9503109693808194,
    0.9573776497212942,
    0.9678666559396836,
    0.9700442169875952
  ],
  "val_loss": [
    0.4055452582359314,
    0.41581436586380005,
    0.3938305856704712,
    0.48609979441165924,
    0.4373129756450653,
    0.5135312079429627,
    0.5590240665435791,
    0.5954547002792359,
    0.7325613576889038,
    0.6648114329338074
  ],
  "val_accuracy": [
    0.8256,
    0.8232,
    0.8376,
    0.8268,
    0.8272,
    0.8348,
    0.8352,
    0.8268,
    0.8312,
    0.8248
  ],
  "val_f1": [
    0.8250975121485021,
    0.8218949602559813,
    0.8371994846842408,
    0.8257831029405398,
    0.8264531654942614,
    0.8347365123785953,
    0.8350779840957534,
    0.8267766910715506,
    0.831172339276067,
    0.8247298919567827
  ],
  "epoch_time": [
    31.606561291991966,
    31.620039332992746,
    31.589164875011193,
    31.528756083003827,
    31.631406625005184,
    31.50359458300227,
    31.57325870799832,
    31.874211125003058,
    32.05241308300174,
    32.227558125014184
  ]
}