{
  "train_loss": [
    0.6931796115451389,
    0.6931654228104486,
    0.693182779598236,
    0.6931652292569478,
    0.6932128508249918,
    0.6931723153220283,
    0.6931543226136102,
    0.693175352552202,
    0.6931779288185967,
    0.6931654614342584
  ],
  "train_accuracy": [
    0.49755555555555553,
    0.5008444444444444,
    0.49648888888888887,
    0.5010222222222223,
    0.4916,
    0.49622222222222223,
    0.5016888888888889,
    0.4960888888888889,
    0.4987111111111111,
    0.4991111111111111
  ],
  "train_f1": [
    0.461910735985131,
    0.4882700607092071,
    0.4839810910095972,
    0.47376217680199684,
    0.4656869794812818,
    0.49258484487242105,
    0.4921351142287519,
    0.46984555147538365,
    0.46614714237465227,
    0.43021338473351256
  ],
  "val_loss": [
    0.693112529182434,
    0.6931402521133423,
    0.6931277196884156,
    0.6932115850448608,
    0.6931334862709045,
    0.6931784006118774,
    0.6932112001419067,
    0.6930982728004456,
    0.693166790008545,
    0.6930882493019104
  ],
  "val_accuracy": [
    0.5056,
    0.4924,
    0.5056,
    0.4944,
    0.5004,
    0.4944,
    0.4944,
    0.5056,
    0.4944,
    0.5056
  ],
  "val_f1": [
    0.33581296493092455,
    0.3713578136211157,
    0.33581296493092455,
    0.33083511777301927,
    0.4733078845598836,
    0.33083511777301927,
    0.33083511777301927,
    0.33581296493092455,
    0.33083511777301927,
    0.33581296493092455
  ],
  "epoch_time": [
    14.863552416994935,
    15.381377459008945,
    15.08080012499704,
    15.003406999996514,
    15.074623458000133,
    15.471581167003023,
    14.950155957994866,
    15.405073292000452,
    15.66279154199583,
    15.548347832998843
  ]
}