{
  "train_loss": [
    0.6927197940190634,
    0.6883039059215121,
    0.6617168385823567,
    0.6567553154203627,
    0.6477507462713453,
    0.6740515039973789,
    0.6477737636672126,
    0.6431896809577942,
    0.5552216326183743,
    0.4775933469030592
  ],
  "train_accuracy": [
    0.546,
    0.5413777777777777,
    0.6071111111111112,
    0.6312888888888889,
    0.6175111111111111,
    0.5447555555555555,
    0.6115555555555555,
    0.6128,
    0.7398222222222223,
    0.8090666666666667
  ],
  "train_f1": [
    0.5452079017409005,
    0.5408607983735167,
    0.6061834824300097,
    0.6285615703950367,
    0.6070216148401302,
    0.5388368155339999,
    0.6111048166277239,
    0.6113968805997745,
    0.7397991220380067,
    0.8090634743965379
  ],
  "val_loss": [
    0.6933350847244263,
    0.6630011136054993,
    0.6698851474761963,
    0.6469792079925537,
    0.6770157319068909,
    0.6754576672554016,
    0.6776230136871337,
    0.5952576900482178,
    0.5298457945823669,
    0.5049540245056152
  ],
  "val_accuracy": [
    0.5056,
    0.6124,
    0.6064,
    0.6308,
    0.5448,
    0.5508,
    0.5368,
    0.6916,
    0.7592,
    0.7732
  ],
  "val_f1": [
    0.33581296493092455,
    0.5960474177800167,
    0.5948560553209234,
    0.6195984839330434,
    0.4517353683683105,
    0.4662522160276428,
    0.43003687927177026,
    0.6805482471587024,
    0.7590420858213639,
    0.7722788771669854
  ],
  "epoch_time": [
    8.117191917001037,
    7.877386375010246,
    7.797411583000212,
    8.006558499997482,
    8.12604033399839,
    8.593843540991656,
    8.136014000003343,
    7.867890749999788,
    8.557871041004546,
    7.941151375009213
  ]
}