{
  "train_loss": [
    0.6514802740679847,
    0.5766954401652018,
    0.5224570493062337,
    0.4570658621046278,
    0.4033783562713199,
    0.3628625280380249,
    0.33395122395621407,
    0.3093906564394633,
    0.2772768267684513,
    0.262298876036538
  ],
  "train_accuracy": [
    0.6156,
    0.7069777777777778,
    0.7646666666666667,
    0.8075111111111111,
    0.8388888888888889,
    0.8593333333333333,
    0.8745333333333334,
    0.8899111111111111,
    0.9027555555555555,
    0.9093333333333333
  ],
  "train_f1": [
    0.615464089627838,
    0.7069604535692147,
    0.7646345086505262,
    0.8074999923106669,
    0.8388762851155889,
    0.8593255836665736,
    0.8745333033452438,
    0.8899093102992565,
    0.9027534778896136,
    0.9093330174092695
  ],
  "val_loss": [
    0.588990649652481,
    0.5427517455101013,
    0.5269735801696778,
    0.5107298213005066,
    0.482403759765625,
    0.4854901258468628,
    0.5208515621185302,
    0.5634962947845459,
    0.5501873786926269,
    0.5813358264923095
  ],
  "val_accuracy": [
    0.6984,
    0.7416,
    0.76,
    0.7636,
    0.7908,
    0.786,
    0.7744,
    0.776,
    0.7636,
    0.7856
  ],
  "val_f1": [
    0.6972512015192368,
    0.7415799879542673,
    0.7595512649527053,
    0.7585086277389657,
    0.7889985200041507,
    0.785999143996576,
    0.7743976898323439,
    0.7759757695392333,
    0.7628239980698448,
    0.7855965695451128
  ],
  "epoch_time": [
    16.771784541997476,
    16.664373207997414,
    17.319903166993754,
    17.6591019579937,
    16.877467832993716,
    16.81796829099767,
    16.43706475000363,
    16.684646917012287,
    16.61406412499491,
    17.541971833998105
  ]
}