{
  "train_loss": [
    0.5791182469473944,
    0.4215381444454193,
    0.35453191860516864,
    0.3042578502231174,
    0.2598215738031599,
    0.2170723366525438,
    0.18887394540442362,
    0.16069758268859652,
    0.1403917909913593,
    0.130336448034313
  ],
  "train_accuracy": [
    0.6861777777777778,
    0.8159111111111111,
    0.8538666666666667,
    0.8791111111111111,
    0.9007111111111111,
    0.9197777777777778,
    0.9323111111111111,
    0.9443555555555555,
    0.9527555555555556,
    0.9568444444444445
  ],
  "train_f1": [
    0.6860933494450445,
    0.8158853783423803,
    0.8538666620481316,
    0.8791098034672272,
    0.9007096605405419,
    0.9197768382358003,
    0.932310947320317,
    0.9443552108601309,
    0.9527555218661597,
    0.9568444375395544
  ],
  "val_loss": [
    0.46620061588287354,
    0.4616868643760681,
    0.4775119292259216,
    0.5435079824447632,
    0.6153168350219727,
    0.6573167789459229,
    0.8258358024597168,
    0.7005347961425781,
    0.8441828300476074,
    0.8817294263839721
  ],
  "val_accuracy": [
    0.7736,
    0.7904,
    0.7712,
    0.7644,
    0.7692,
    0.764,
    0.77,
    0.7612,
    0.768,
    0.75
  ],
  "val_f1": [
    0.7725973909929924,
    0.7901957681685661,
    0.7708333333333334,
    0.7643682933975595,
    0.7689453222920433,
    0.7638354027222813,
    0.7697701016326863,
    0.7609490538787997,
    0.7673315528580993,
    0.7483406995017227
  ],
  "epoch_time": [
    8.650732915994013,
    8.790817624991178,
    8.613920374991721,
    9.247223540995037,
    8.773452334004105,
    8.51448620800511,
    8.507489958006772,
    9.130357292000554,
    9.679203541993047,
    10.322856416998548
  ]
}