{
  "train_loss": [
    0.6003713045173221,
    0.45877024712032743,
    0.3531696876923243,
    0.29353140646616616,
    0.2464815497736136,
    0.20746975814766355,
    0.17503759778870476,
    0.1534373155037562,
    0.14010297592878343,
    0.1269782735132509
  ],
  "train_accuracy": [
    0.6674666666666667,
    0.7896444444444445,
    0.8508888888888889,
    0.8803111111111112,
    0.9049777777777778,
    0.9231111111111111,
    0.9356,
    0.9446222222222223,
    0.9473777777777778,
    0.9544888888888889
  ],
  "train_f1": [
    0.667449427244975,
    0.7896005462868179,
    0.8508886741685797,
    0.8803007830488976,
    0.9049766936205084,
    0.9231095309265378,
    0.9355994289498006,
    0.9446213751070199,
    0.947377643064544,
    0.9544887723801462
  ],
  "val_loss": [
    0.5260817352294922,
    0.42481751747131347,
    0.400029220867157,
    0.38443137164115904,
    0.39792779040336607,
    0.4281091820716858,
    0.506280686211586,
    0.542872535610199,
    0.5378697974205017,
    0.5770066722869873
  ],
  "val_accuracy": [
    0.7432,
    0.8064,
    0.828,
    0.8276,
    0.8312,
    0.8292,
    0.8204,
    0.8212,
    0.8224,
    0.82
  ],
  "val_f1": [
    0.7425460257126744,
    0.8044444444444444,
    0.8276663620769811,
    0.8269687543307994,
    0.8306536480254054,
    0.8287855514572795,
    0.8191359483777744,
    0.8210302221099024,
    0.8222525691709732,
    0.818745311545392
  ],
  "epoch_time": [
    31.292569041994284,
    31.312924875004683,
    31.56771304200811,
    31.417164458005573,
    31.516907749988604,
    31.42168312499416,
    32.33666495799844,
    31.36082170800364,
    31.131573624996236,
    31.377932041999884
  ]
}