{
  "train_loss": [
    0.5715517195595635,
    0.4260370432111952,
    0.366233824857076,
    0.3300079222626156,
    0.2932620234595405,
    0.259815376440684,
    0.23100139197773403,
    0.20527869152228037,
    0.18214035354587768,
    0.16656003949112363
  ],
  "train_accuracy": [
    0.6995555555555556,
    0.8136888888888889,
    0.8451111111111111,
    0.8633777777777778,
    0.8804,
    0.8954222222222222,
    0.9084,
    0.9225333333333333,
    0.9319555555555555,
    0.9384888888888889
  ],
  "train_f1": [
    0.6994277293677471,
    0.8136871871398584,
    0.8451110594049759,
    0.8633733560672905,
    0.8803985992756447,
    0.8954205115600122,
    0.9083999853439977,
    0.9225325178780993,
    0.9319554263884736,
    0.9384887134374365
  ],
  "val_loss": [
    0.5480477237701415,
    0.4600551195144653,
    0.4743913993835449,
    0.4605733727455139,
    0.49164677810668944,
    0.4974138515472412,
    0.6295232206344604,
    0.7274018823623657,
    0.758730418586731,
    0.7438526371955871
  ],
  "val_accuracy": [
    0.7356,
    0.7896,
    0.7788,
    0.784,
    0.7844,
    0.7776,
    0.77,
    0.7696,
    0.7724,
    0.7728
  ],
  "val_f1": [
    0.7231083778105338,
    0.7894866933178114,
    0.7783787067864528,
    0.7838001967898653,
    0.7843668442459713,
    0.7775037392177352,
    0.7688412845767206,
    0.7693270308352091,
    0.7723553816548043,
    0.7725898366234139
  ],
  "epoch_time": [
    8.021279499997036,
    8.310010458008037,
    8.068964709003922,
    7.830212874992867,
    7.907256124992273,
    7.930355167001835,
    7.959585416989285,
    7.933874374997686,
    8.1382528339891,
    8.080924249996315
  ]
}