{
  "train_loss": [
    0.6639423780865139,
    0.6219639693260193,
    0.6124826843473646,
    0.6414227349440257,
    0.5263917851659987,
    0.4340707018322415,
    0.4187475303279029,
    0.32893518352508544,
    0.2851322887632582,
    0.2441578557809194
  ],
  "train_accuracy": [
    0.5964,
    0.6740888888888888,
    0.672,
    0.6154666666666667,
    0.7460888888888889,
    0.8097333333333333,
    0.8193333333333334,
    0.8697333333333334,
    0.8917777777777778,
    0.9106666666666666
  ],
  "train_f1": [
    0.5930844229419119,
    0.6731884959205108,
    0.6702523904288906,
    0.6146401781301082,
    0.7460835678035966,
    0.8096997273389113,
    0.8193047472551169,
    0.869707143246625,
    0.8917655655128249,
    0.9106570033281467
  ],
  "val_loss": [
    0.6216697318077088,
    0.6136211286544799,
    0.6853369957923889,
    0.595211692237854,
    0.4899999464035034,
    0.4760161576271057,
    0.45075622844696045,
    0.4404650321483612,
    0.4324945987701416,
    0.428784437417984
  ],
  "val_accuracy": [
    0.6796,
    0.68,
    0.5268,
    0.6836,
    0.7752,
    0.7768,
    0.7752,
    0.8164,
    0.8108,
    0.8172
  ],
  "val_f1": [
    0.675959076179958,
    0.6684813994858809,
    0.4006352556982209,
    0.6669484341860632,
    0.775043214118512,
    0.7762495380635624,
    0.774275432170169,
    0.8162070615249064,
    0.8101072408317126,
    0.8171817181718172
  ],
  "epoch_time": [
    15.220755500005907,
    15.427502791993902,
    16.253730708005605,
    16.28361225000117,
    16.099632291996386,
    16.060414749998017,
    16.291443209003774,
    15.63623308300157,
    15.628325249999762,
    15.625790999998571
  ]
}