{
  "train_loss": [
    0.7137912053214179,
    0.6943740123960707,
    0.6936327411015828,
    0.6936096025043064,
    0.6936424939155579,
    0.693374447271559,
    0.6936011734644572,
    0.6935695518599616,
    0.693393761560652,
    0.6950753605736627
  ],
  "train_accuracy": [
    0.4958666666666667,
    0.5064444444444445,
    0.5040444444444444,
    0.49951111111111113,
    0.49844444444444447,
    0.5049333333333333,
    0.5002666666666666,
    0.5018666666666667,
    0.5037777777777778,
    0.5018666666666667
  ],
  "train_f1": [
    0.4958354667246163,
    0.5053110042228488,
    0.5040319347827659,
    0.49895587900657495,
    0.49790280331229175,
    0.5044978895043234,
    0.498329943773691,
    0.5018303910627875,
    0.5027214658370285,
    0.5011580854990908
  ],
  "val_loss": [
    0.6934134355545044,
    0.6934912140846252,
    0.6931603798866272,
    0.6930838056564331,
    0.6938669589042663,
    0.6934927055358887,
    0.694162758922577,
    0.6936622102737426,
    0.6930928468704224,
    0.6983420776367187
  ],
  "val_accuracy": [
    0.4896,
    0.4996,
    0.5008,
    0.5056,
    0.4944,
    0.4944,
    0.4944,
    0.4944,
    0.5056,
    0.4936
  ],
  "val_f1": [
    0.4336142653923757,
    0.4994903683702878,
    0.5006721720760514,
    0.33581296493092455,
    0.33083511777301927,
    0.33083511777301927,
    0.33083511777301927,
    0.33083511777301927,
    0.33581296493092455,
    0.3304767005891805
  ],
  "epoch_time": [
    6.6499357919965405,
    6.651521791005507,
    6.700084791998961,
    6.732361207992653,
    6.76561295799911,
    6.762736833989038,
    6.77495791700494,
    6.789048917009495,
    6.6878844579914585,
    6.676649749992066
  ]
}