{
  "train_loss": [
    0.5906923708597819,
    0.3949542988141378,
    0.3310786519262526,
    0.28583947116004094,
    0.25184299635092416,
    0.21898194455835554,
    0.19106003647645314,
    0.16207891925705803,
    0.13915089161528482,
    0.117013542252779
  ],
  "train_accuracy": [
    0.6766222222222222,
    0.8308444444444445,
    0.8631555555555556,
    0.8864,
    0.9016,
    0.9183111111111111,
    0.9293777777777777,
    0.9417777777777778,
    0.9499111111111112,
    0.9583555555555555
  ],
  "train_f1": [
    0.676270155064994,
    0.8308193552472386,
    0.8631497141771332,
    0.8863992962927273,
    0.9015983548216795,
    0.918307857302982,
    0.9293774696194181,
    0.9417777115337518,
    0.9499110587712595,
    0.958355208001489
  ],
  "val_loss": [
    0.4407319500923157,
    0.4103528076171875,
    0.41024917974472047,
    0.36657282414436343,
    0.4202956000328064,
    0.46594004225730895,
    0.48283711712360383,
    0.5350566928863525,
    0.567227285194397,
    0.5613581464290619
  ],
  "val_accuracy": [
    0.8044,
    0.8228,
    0.836,
    0.8448,
    0.8296,
    0.8348,
    0.84,
    0.8376,
    0.8184,
    0.8228
  ],
  "val_f1": [
    0.8043834430146168,
    0.8216004413677568,
    0.8358402002845651,
    0.8446982214263941,
    0.8283422015136832,
    0.8341290586771868,
    0.8399409958487096,
    0.8375995842549357,
    0.8174954783901782,
    0.8226944393614182
  ],
  "epoch_time": [
    30.78273279099085,
    30.85995675000595,
    30.91697791698971,
    31.14499241700105,
    33.32780174999789,
    33.24104879099468,
    32.5311279160087,
    32.32138962499448,
    32.17653800001426,
    32.316201584006194
  ]
}