{
  "train_loss": [
    0.6298438089370727,
    0.4384446774217817,
    0.3256273692766825,
    0.27437200211087864,
    0.2346784328036838,
    0.1989979598601659,
    0.17334169140259426,
    0.14714290514124764,
    0.12803139495187335,
    0.11017162614050839
  ],
  "train_accuracy": [
    0.6521333333333333,
    0.8158666666666666,
    0.8718222222222223,
    0.8991555555555556,
    0.9175111111111112,
    0.9328444444444445,
    0.9435555555555556,
    0.9536444444444444,
    0.9607111111111111,
    0.9672444444444445
  ],
  "train_f1": [
    0.6486415774011705,
    0.8158479226224292,
    0.8718219943502121,
    0.8991512508827265,
    0.917510850404663,
    0.9328438839810564,
    0.9435555194310881,
    0.9536441256991636,
    0.9607110999356018,
    0.9672442626945855
  ],
  "val_loss": [
    0.5614446234703064,
    0.41101801323890685,
    0.40387700686454775,
    0.4250240953922272,
    0.4559344355106354,
    0.48820838432312014,
    0.5328187120914459,
    0.5959581275939941,
    0.6038842256546021,
    0.6275916316986084
  ],
  "val_accuracy": [
    0.7404,
    0.8156,
    0.8348,
    0.8272,
    0.8248,
    0.8188,
    0.8228,
    0.812,
    0.8204,
    0.812
  ],
  "val_f1": [
    0.7319057002053049,
    0.8146283261750111,
    0.8346666487322014,
    0.8269004408268774,
    0.824592429697607,
    0.818735934028523,
    0.8227523274659952,
    0.8119363291636016,
    0.8201617214744849,
    0.81191224577739
  ],
  "epoch_time": [
    16.714215333005995,
    16.43501520800055,
    16.00978862500051,
    16.060196667007403,
    16.397812459006673,
    16.328071957992506,
    16.32834304199787,
    16.28036366601009,
    15.99221004199353,
    15.961868250000407
  ]
}