{
  "train_loss": [
    0.5850345776134067,
    0.42218090144263376,
    0.35221859237882824,
    0.3018175634860992,
    0.2519742746035258,
    0.22207527494165633,
    0.1800260662479533,
    0.15392034794754453,
    0.13169744677676096,
    0.11749823219577471
  ],
  "train_accuracy": [
    0.6761777777777778,
    0.8162222222222222,
    0.8535111111111111,
    0.8783111111111112,
    0.8990666666666667,
    0.9167555555555555,
    0.9324444444444444,
    0.9455111111111111,
    0.9533333333333334,
    0.9606666666666667
  ],
  "train_f1": [
    0.6761597233225305,
    0.8162044903575576,
    0.8535109155029705,
    0.8783106457469831,
    0.8990651575786226,
    0.9167554830403319,
    0.9324444439106722,
    0.9455111072363453,
    0.953333332964609,
    0.9606666572655121
  ],
  "val_loss": [
    0.46942574729919434,
    0.4539791004180908,
    0.4805508335113525,
    0.5495901823043823,
    0.5564189897537232,
    0.6131700155258178,
    0.760557389831543,
    0.7524503019332885,
    0.7939574245452881,
    0.8237727645874023
  ],
  "val_accuracy": [
    0.7724,
    0.7916,
    0.7652,
    0.7804,
    0.7764,
    0.7672,
    0.7644,
    0.7628,
    0.7664,
    0.7536
  ],
  "val_f1": [
    0.7708893728263683,
    0.7915062945890401,
    0.7635791363864033,
    0.7797190322274667,
    0.7763991055964223,
    0.7671946361644172,
    0.7625103805946547,
    0.7624423712433646,
    0.7658784145671091,
    0.7535544174250469
  ],
  "epoch_time": [
    8.091267374999006,
    7.8070512089907425,
    7.995597083005123,
    8.902091041003587,
    10.049442707997514,
    7.978273166998406,
    7.794567208009539,
    7.77075695800886,
    7.763834207988111,
    7.818978750001406
  ]
}