{
  "train_loss": [
    0.5454125554508633,
    0.39138678270975746,
    0.30168898620605467,
    0.23177120339075724,
    0.17135976297060648,
    0.12382081430753072,
    0.09849048692385355,
    0.08020187853740321,
    0.06597766381618049,
    0.04805152475229568
  ],
  "train_accuracy": [
    0.7047111111111111,
    0.8268,
    0.8714666666666666,
    0.9065333333333333,
    0.9337333333333333,
    0.9523555555555555,
    0.9636444444444444,
    0.9708444444444444,
    0.9766222222222222,
    0.9834222222222222
  ],
  "train_f1": [
    0.7040542723563845,
    0.826792806555571,
    0.8714647004891666,
    0.9065332519134106,
    0.9337333332024362,
    0.9523555371095018,
    0.9636443295425724,
    0.970844425784877,
    0.9766222205598023,
    0.983422212758557
  ],
  "val_loss": [
    0.4374119271278381,
    0.4520426122665405,
    0.46621198892593385,
    0.6006111234664917,
    0.7259722194671631,
    0.7567272356986999,
    0.9603812231063843,
    1.0967157821655273,
    1.156676628112793,
    1.1350639140129088
  ],
  "val_accuracy": [
    0.788,
    0.7972,
    0.7908,
    0.7796,
    0.7616,
    0.7652,
    0.766,
    0.7592,
    0.7448,
    0.7488
  ],
  "val_f1": [
    0.7877488304560084,
    0.7969426532410115,
    0.7905908924415564,
    0.7793327631494845,
    0.7598402631505992,
    0.7642703198582699,
    0.7646549181329001,
    0.7587984863122548,
    0.7447346520709301,
    0.7484883670262803
  ],
  "epoch_time": [
    16.10788091699942,
    16.626393167010974,
    16.529225915990537,
    16.209812500004773,
    16.088986084010685,
    15.908850292005809,
    16.820599792001303,
    16.556771208997816,
    16.763185374991735,
    16.81330562500807
  ]
}