{
  "train_loss": [
    0.6997785185919868,
    0.7048824431949192,
    0.695169180085924,
    0.6941649650149875,
    0.6934783111784193,
    0.6935098185539246,
    0.6938751820034451,
    0.6936871261384752,
    0.6934060672336154,
    0.693719071398841
  ],
  "train_accuracy": [
    0.5063111111111112,
    0.5048,
    0.4971111111111111,
    0.4996,
    0.4972,
    0.504,
    0.4994222222222222,
    0.5013777777777778,
    0.5065333333333333,
    0.4992888888888889
  ],
  "train_f1": [
    0.5059163360677018,
    0.504633905338524,
    0.49708599670337317,
    0.49636598918506014,
    0.49516366123050426,
    0.5015793998029852,
    0.49927408746825885,
    0.5010519215635891,
    0.5052877421688213,
    0.498823008617409
  ],
  "val_loss": [
    0.6933868460655213,
    0.6927743865966797,
    0.6932646703720092,
    0.6935124430656433,
    0.69448528881073,
    0.6935728898048401,
    0.6930765901565552,
    0.6930988117218018,
    0.6966375749588013,
    0.6937168491363526
  ],
  "val_accuracy": [
    0.4932,
    0.5268,
    0.504,
    0.5004,
    0.5008,
    0.5012,
    0.5084,
    0.5076,
    0.4944,
    0.5008
  ],
  "val_f1": [
    0.3309944010514846,
    0.5260567812020098,
    0.33653849446459083,
    0.4003908549091811,
    0.4118995343450672,
    0.40228666810718616,
    0.3640716304748051,
    0.4604548939414739,
    0.33083511777301927,
    0.49623435177955216
  ],
  "epoch_time": [
    3.6486164170055417,
    3.6413949580019107,
    3.637092874996597,
    3.7208175830019172,
    4.133371250005439,
    3.8107853749970673,
    3.73228100000415,
    3.721903541998472,
    3.7398344169923803,
    3.7174404169927584
  ]
}