{
  "train_loss": [
    0.557590240822898,
    0.40819869866900976,
    0.33766449527475567,
    0.28710451901223927,
    0.2533487082415157,
    0.21087218573888142,
    0.1846690833595064,
    0.16265062948200437,
    0.13786104286114376,
    0.12369844043834342
  ],
  "train_accuracy": [
    0.6996444444444444,
    0.8222666666666667,
    0.8592888888888889,
    0.8806666666666667,
    0.8959111111111111,
    0.9184444444444444,
    0.9299111111111111,
    0.9388888888888889,
    0.9484444444444444,
    0.9559111111111112
  ],
  "train_f1": [
    0.69828916593351,
    0.8222584478972974,
    0.8592784272649651,
    0.8806666645451852,
    0.8959108142127719,
    0.9184443592238342,
    0.9299110877135286,
    0.9388887728831816,
    0.9484444428150343,
    0.9559111079759011
  ],
  "val_loss": [
    0.4454281819343567,
    0.4429266261100769,
    0.4718783371925354,
    0.5204506889343262,
    0.5739862542152405,
    0.6144551694869995,
    0.5787101331710816,
    0.7961040546417236,
    0.8582565227508545,
    0.8193640670776368
  ],
  "val_accuracy": [
    0.784,
    0.7888,
    0.784,
    0.7848,
    0.78,
    0.7748,
    0.7752,
    0.7584,
    0.7576,
    0.7604
  ],
  "val_f1": [
    0.7837070874861573,
    0.787909423184328,
    0.7838206922349673,
    0.7846499096009956,
    0.7795886595399799,
    0.7735600146401695,
    0.7748540316992704,
    0.7583924231863911,
    0.757363808225479,
    0.7602664780175967
  ],
  "epoch_time": [
    16.09702112499508,
    15.683931208986905,
    15.74764604200027,
    15.775071166004636,
    15.677262166995206,
    15.60968850000063,
    15.747476000004099,
    15.96846104200813,
    15.763522375011235,
    16.25891462499567
  ]
}