{
  "train_loss": [
    0.722590975358751,
    0.705278923649258,
    0.7020284130308363,
    0.6988146960788303,
    0.6976811416414049,
    0.696956878874037,
    0.6953816638098823,
    0.6946835377375284,
    0.6941591149965922,
    0.6951462997966342
  ],
  "train_accuracy": [
    0.5009333333333333,
    0.5034222222222222,
    0.49844444444444447,
    0.49604444444444445,
    0.49644444444444447,
    0.49666666666666665,
    0.5008444444444444,
    0.5004888888888889,
    0.5036888888888889,
    0.49853333333333333
  ],
  "train_f1": [
    0.500880723943329,
    0.5034208793741903,
    0.4983138633470803,
    0.49593001831829164,
    0.4964392879827534,
    0.4966616546595578,
    0.5008405310342077,
    0.5004620248466696,
    0.5033757335675024,
    0.4985325002781881
  ],
  "val_loss": [
    0.6932032548904419,
    0.6930951579093934,
    0.6945239990234375,
    0.6930946636199952,
    0.693655746459961,
    0.6930802492141723,
    0.6930782952308655,
    0.6930812877655029,
    0.6987594858169556,
    0.6932767104148865
  ],
  "val_accuracy": [
    0.5056,
    0.5056,
    0.5056,
    0.5056,
    0.4944,
    0.5056,
    0.5056,
    0.5056,
    0.4944,
    0.4944
  ],
  "val_f1": [
    0.33581296493092455,
    0.33581296493092455,
    0.33581296493092455,
    0.33581296493092455,
    0.33083511777301927,
    0.33581296493092455,
    0.33581296493092455,
    0.33581296493092455,
    0.33083511777301927,
    0.33083511777301927
  ],
  "epoch_time": [
    3.2494295409996994,
    3.324651666000136,
    3.2749495839962037,
    3.257283124999958,
    3.2586090419936227,
    3.253141749999486,
    3.2671399579994613,
    3.25746441600495,
    3.265148334001424,
    3.249751583993202
  ]
}